ږ,ex,֌W
zN,51.44637115638915,-0.6044110305971351
ʐ,43.77545839220681,0.5421975415794057
wk,3.2718854748365915,-0.3542835368899783
~_2,1.4026012198233169,0.2901248444198395
~_1,0.10368375674413806,-0.27071031358861175
~_0,0.0,-0.062240608948387635
_0.0,0.0,-0.13171930543765223
_0.5,0.0,-0.0827419435124843
_1.0,0.0,-0.005858477582330849
_2.0,0.0,0.15601741930889634
