ږ,ex,֌W
zN,51.44637115638913,-0.6044110305971351
ʐ,43.7754583922068,0.5421975415794057
wk,3.271885474836593,-0.3542835368899783
~_2,1.4026012198233262,0.2901248444198395
~_1,0.10368375674413804,-0.27071031358861175
~_0,0.0,-0.062240608948387635
_0.0,0.0,-0.13171930543765223
_0.5,0.0,-0.0827419435124843
_1.0,0.0,-0.005858477582330849
_2.0,0.0,0.15601741930889634
