ږ,ex,֌W
ƒ,65.0090947897478,0.5421975415794057
zN,22.719034201432223,-0.09668372827032339
wk,10.156578125984023,-0.11315240812225871
_0.0,1.3530626607248364,-0.13722310215158517
~_1,0.4341505642394874,-0.17023191960424175
~_2,0.3280796578716289,0.19482679938788586
~_0,0.0,-0.07511814495641086
_0.5,0.0,0.0026417203556292268
_1.0,0.0,0.03914974418576187
_2.0,0.0,0.08393794616305258
